# Magnetic material data,,,,,,,,,,,,,,,
# Each row defines one Steinmetz segment for a material.,,,,,,,,,,,,,,,
# A material is shown in the bar charts only when the entered frequency,,,,,,,,,,,,,,,
# falls within at least one of its freq_min/freq_max ranges.,,,,,,,,,,,,,,,
# Multiple rows for the same material = piecewise Steinmetz.,,,,,,,,,,,,,,,
#,,,,,,,,,,,,,,,
# Core loss model:  Pv [kW/m^3] = k ¬∑ f[kHz]^alpha ¬∑ B[mT]^beta,,,,,,,,,,,,,,,
#,,,,,,,,,,,,,,,
material,mu,bsat_mT,freq_min_kHz,freq_max_kHz,k-25,alpha-25,beta-25,k-100,alpha-100,beta-100,type,manufacturer,notes,datasheet,Tags
67,40,230,2000,20000,9.93E-06,1.378637087,2.103123741,7.14E-06,1.399627486,2.226820672,NiZn,Fair-Rite,,https://fair-rite.com/67-material-data-sheet/,flat-temp
61,125,250,2000,15000,9.63E-08,1.757517408,2.791886396,,,,NiZn,Fair-Rite,,https://fair-rite.com/61-material-data-sheet/,
80,600,450,1000,4000,3.12E-09,2.160691076,2.447278103,5.72E-09,2.158681999,2.434887233,MnZn,Fair-Rite,,https://fair-rite.com/80-material-data-sheet/,
79,1400,460,100,1000,1.35E-06,1.359127986,2.57719005,4.37E-08,1.83472211,2.7068575,MnZn,Fair-Rite,,https://fair-rite.com/79-material-data-sheet/,loss-min-60C
77,2000,510,10,400,2.94E-05,1.13976213,2.284773897,9.08E-06,1.355137893,2.331386606,MnZn,Fair-Rite,,https://fair-rite.com/77-material-data-sheet/,
97,2000,500,50,400,,,,1.05E-07,1.788769629,2.579362423,MnZn,Fair-Rite,,https://fair-rite.com/97-material-data-sheet/,min-loss-100C
78,2300,480,25,500,9.61E-06,1.22102554,2.351568413,1.19E-06,1.471047926,2.50075738,MnZn,Fair-Rite,,https://fair-rite.com/78-material-data-sheet/,
98,2400,500,50,400,,,,3.18E-07,1.350324259,2.584129172,MnZn,Fair-Rite,,https://fair-rite.com/98-material-data-sheet/,min-loss-100C
95,3000,500,25,500,4.66E-06,1.287133188,2.331275305,1.51E-06,1.339615186,2.518450017,MnZn,Fair-Rite,,https://fair-rite.com/95-material-data-sheet/,flat-temp
96,3300,500,50,500,5.02E-07,1.533812735,2.476423817,1.60E-07,1.685726541,2.600398906,MnZn,Fair-Rite,,https://fair-rite.com/96-material-data-sheet/,"high-temp, flat-temp"
N27,2000,500,10,200,7.62E-05,1.170417169,2.07984166,1.64E-05,1.153328977,2.405297856,MnZn,TDK,"low cost, hi-power",https://www.tdk-electronics.tdk.com/download/528850/3a7f957d754f899aec42cd946598c5c4/pdf-n27.pdf,low-cost
N41,2800,490,10,100,2.42E-05,1.531146572,2.056646904,,,,MnZn,TDK,current transformer,https://www.tdk-electronics.tdk.com/download/528876/07f8fe5e7fb654a26dc779e207a5de15/pdf-n41.pdf,
N51,3000,480,25,100,1.65E-06,1.239673938,2.576391281,1.49E-06,1.344750915,2.592762661,MnZn,TDK,loss min. @ 40°C,https://www.tdk-electronics.tdk.com/download/528840/956e4358867968c72a6f3dc4fb7da68e/pdf-n51.pdf,loss-min-40c
N87,2200,490,25,500,2.71E-06,1.393320191,2.454107578,1.64E-07,1.764794605,2.518300358,MnZn,TDK,standard,https://www.tdk-electronics.tdk.com/download/528882/d6940b239127a8bab71b22168746021b/pdf-n87.pdf,
N88,1900,510,25,500,4.98E-05,1.10498836,2.17801864,1.21E-06,1.489659698,2.432824226,MnZn,TDK,loss min. @ 140°C,https://www.tdk-electronics.tdk.com/download/528890/cee245ee621a6b10bd5897f906870869/pdf-n88.pdf,"loss-min-140c, high-temp"
N95,3000,525,50,500,1.11E-06,1.697717339,2.252392656,4.26E-08,2.11348402,2.431971794,MnZn,TDK,flat temperature behavior,https://www.tdk-electronics.tdk.com/download/528866/0fe9e667e8e8afa649f776a2a5a7eb0a/pdf-n95.pdf,flat-temp
N96,2900,500,50,1000,1.29E-08,2.319570112,2.331695368,2.59E-09,2.471797623,2.552851904,MnZn,TDK,flat temperature behavior,https://www.tdk-electronics.tdk.com/download/528892/62108148dfc602168d141f831c2914e8/pdf-n96.pdf,flat-temp
N97,2300,510,50,1000,3.39E-06,1.554569038,2.236886407,4.62E-08,2.028488535,2.472139968,MnZn,TDK,,https://www.tdk-electronics.tdk.com/download/528886/81166f0de556e5b6a94db7793daed936/pdf-n97.pdf,
N49,1500,490,10,1000,3.91E-06,0.887925333,2.942289454,3.92E-07,1.011995381,3.350001197,MnZn,TDK,lower losses,https://www.tdk-electronics.tdk.com/download/528856/c44cc4ec800e9f6f22a8068409c85b4f/pdf-n49.pdf,
PC200,800,480,500,4000,2.32E-12,2.80269173,3.256277548,6.51E-11,2.426255715,3.199833594,MnZn,TDK,frequency up to 4 MHz,https://www.tdk-electronics.tdk.com/download/2111336/c9ebf1c6b4bfad22c1dd74fa43409dea/pdf-pc200.pdf,
N92,1500,500,25,1000,1.70E-05,1.403462075,2.17358402,4.93E-08,2.060784841,2.510585221,MnZn,TDK,Output choke (high Bsat @ 100C),https://www.tdk-electronics.tdk.com/download/528888/2eb193d57530c5ad7aef246387fea250/pdf-n92.pdf,high-temp
N91,1100,520,25,1000,4.15E-05,1.446172606,2.004340863,6.23E-07,1.828182066,2.351048322,MnZn,TDK,Output choke (high Bsat @ 100C); high voltage transformers,https://www.tdk-electronics.tdk.com/download/3108406/407bd23272e3b6e4f672151b54b9ef4d/pdf-n91.pdf,high-temp
N72,2500,480,30,300,3.36E-06,1.355265952,2.391783874,2.11E-07,1.647456384,2.662549309,MnZn,TDK,"Ballast; low Br , near flat temperature behaviour",https://www.tdk-electronics.tdk.com/download/528858/fe38d2b52133890d5f7cc6885ff05e75/pdf-n72.pdf,flat-temp
ML27D,2600,520,250,499,4.53E-08,1.8,2.622,3.39E-09,2.22,2.688,MnZn,Proterial,Low core loss at the frequency 300kHz~500kHz,https://www.proterial.com/e/products/soft_magnetism/pdf/PR-EM13_MaDC-F.pdf#page=3,
ML27D,2600,520,500,1000,2.32E-09,2.43,2.405,4.13E-09,2.4,2.382,MnZn,Proterial,Low core loss at the frequency 300kHz~500kHz,https://www.proterial.com/e/products/soft_magnetism/pdf/PR-EM13_MaDC-F.pdf#page=4,
ML95S,1100,530,500,999,8.14E-09,1.79,3.02,2.15E-10,2.01,3.536,MnZn,Proterial,Low core loss at the frequency 500kHz~1MHz,https://www.proterial.com/e/products/soft_magnetism/pdf/PR-EM13_MaDC-F.pdf#page=5,
ML95S,1100,530,1000,3000,1.64E-11,2.86,2.705,4.98E-13,3.24,2.898,MnZn,Proterial,Low core loss at the frequency 500kHz~1MHz,https://www.proterial.com/e/products/soft_magnetism/pdf/PR-EM13_MaDC-F.pdf#page=6,
ML91S,900,530,500,999,4.18E-10,1.94,3.335,2.34E-11,2.24,3.553,MnZn,Proterial,"Low core loss at the frequency 1MHz~3MHz; Transformer or Inductor using ML91S shall be designed under the condition of magnetic flux density, Bm, less than 50mT.",https://www.proterial.com/e/products/soft_magnetism/pdf/PR-EM13_MaDC-F.pdf#page=7,
ML91S,900,530,1000,3000,2.67E-11,2.53,2.929,2.73E-12,2.78,3.077,MnZn,Proterial,"Low core loss at the frequency 1MHz~3MHz; Transformer or Inductor using ML91S shall be designed under the condition of magnetic flux density, Bm, less than 50mT.",https://www.proterial.com/e/products/soft_magnetism/pdf/PR-EM13_MaDC-F.pdf#page=8,
ML24D,2400,490,25,200,4.35E-05,1.146599771,2.143272916,2.99E-07,1.414538397,2.768518328,MnZn,Proterial,Outstanding low power loss in high frequency range (≥100kHz),https://www.proterial.com/e/products/soft_magnetism/pdf/hj-b3-e.pdf#page=14,
ML25D,2500,520,25,500,6.93E-06,1.378087421,2.276461387,1.82E-07,1.511750841,2.704383601,MnZn,Proterial,Outstanding low power loss in high frequency range (≥100kHz),https://www.proterial.com/e/products/soft_magnetism/pdf/hj-b3-e.pdf#page=15,
ML33D,3300,530,25,100,2.42E-06,1.266056592,2.471546437,,,,MnZn,Proterial,Outstanding low power loss in high frequency range (≥100kHz),https://www.proterial.com/e/products/soft_magnetism/pdf/hj-b3-e.pdf#page=16,min-loss-80C
MB19D,1900,530,25,200,1.12706E-05,1.208503866,2.36901664,,,,MnZn,Proterial,Outstanding saturation magnetic flux density from room temperature to high temperature (120°C).,https://www.proterial.com/e/products/soft_magnetism/pdf/hj-b3-e.pdf#page=17,min-loss-100C
MB20D,2000,540,25,200,1.93324E-05,1.183359075,2.257892769,,,,MnZn,Proterial,Outstanding saturation magnetic flux density from room temperature to high temperature (120°C).,https://www.proterial.com/e/products/soft_magnetism/pdf/hj-b3-e.pdf#page=18,min-loss-120C
MB28D,2800,530,25,200,1.64084E-06,1.41272329,2.467774613,,,,MnZn,Proterial,Outstanding saturation magnetic flux density from room temperature to high temperature (120°C).,https://www.proterial.com/e/products/soft_magnetism/pdf/hj-b3-e.pdf#page=19,min-loss-60C
MQ40D,4000,460,,,,,,,,,MnZn,Proterial,Low relative loss factor and high impedance,https://www.proterial.com/e/products/soft_magnetism/pdf/hj-b3-e.pdf#page=20,
MQ53D,5300,440,,,,,,,,,MnZn,Proterial,Low relative loss factor and high impedance,https://www.proterial.com/e/products/soft_magnetism/pdf/hj-b3-e.pdf#page=21,
MP70D,7000,430,,,,,,,,,MnZn,Proterial,High permeability,https://www.proterial.com/e/products/soft_magnetism/pdf/hj-b3-e.pdf#page=22,
MP10T,10000,400,,,,,,,,,MnZn,Proterial,High permeability,https://www.proterial.com/e/products/soft_magnetism/pdf/hj-b3-e.pdf#page=23,
MT30D,3000,530,,,,,,,,,MnZn,Proterial,Stable permeability in wide temperature range (-20 ~ 100°C).,https://www.proterial.com/e/products/soft_magnetism/pdf/hj-b3-e.pdf#page=24,flat-temp
MT80D,8000,400,,,,,,,,,MnZn,Proterial,Stable permeability in wide temperature range (-20 ~ 100°C).,https://www.proterial.com/e/products/soft_magnetism/pdf/hj-b3-e.pdf#page=25,flat-temp
L,750,520,1000,3000,,,,,,,Ferrite,"Magnetics, Inc.",Core losses are minimized between 70 – 100°C,https://www.mag-inc.com/products/ferrite-cores/l-material,min-loss-100C
R,2300,470,25,500,,,,,,,Ferrite,"Magnetics, Inc.",Widely available in shapes and toroids. Engineered for lowest losses at 95°C.,https://www.mag-inc.com/products/ferrite-cores/r-material,min-loss-100C
P,2500,470,25,99,,,,82919.57872,1.36,2.86,Ferrite,"Magnetics, Inc.",Engineered for lowest losses at 95°C.; 100C is actually 80,https://www.mag-inc.com/products/ferrite-cores/p-material,min-loss-100C
P,2500,470,100,500,,,,7542.055597,1.63,2.62,Ferrite,"Magnetics, Inc.",Engineered for lowest losses at 95°C.; 100C is actually 80,https://www.mag-inc.com/products/ferrite-cores/p-material,min-loss-100C
F,3000,470,5,10,395937.9146,1.06,2.85,,,,Ferrite,"Magnetics, Inc.",Slightly higher in perm than P or R Material. Engineered for lowest losses at 60°C.,https://www.mag-inc.com/products/ferrite-cores/f-material,loss-min-60C
F,3000,470,11,99,14980.25326,1.72,2.66,,,,Ferrite,"Magnetics, Inc.",Slightly higher in perm than P or R Material. Engineered for lowest losses at 60°C.,https://www.mag-inc.com/products/ferrite-cores/f-material,loss-min-60C
F,3000,470,100,500,13126.67165,1.66,2.68,,,,Ferrite,"Magnetics, Inc.",Slightly higher in perm than P or R Material. Engineered for lowest losses at 60°C.,https://www.mag-inc.com/products/ferrite-cores/f-material,loss-min-60C
T,3000,530,100,400,,,,,,,Ferrite,"Magnetics, Inc.",T material offers stability in both perm and losses over a wide temperature range.,https://www.mag-inc.com/products/ferrite-cores/t-material,flat-temp
3C92,1800,540,20,99,2.93E-06,1.194999973,2.649999941,1.14E-06,1.194999973,2.649999941,MnZn,Ferroxcube,High Bsat,https://www.ferroxcube.com/upload/media/product/file/MDS/3C92%202022.pdf,
3C92,1800,540,100,199,3.65E-07,1.589999964,2.67499994,1.94E-07,1.589999964,2.67499994,MnZn,Ferroxcube,High Bsat,https://www.ferroxcube.com/upload/media/product/file/MDS/3C92%202022.pdf,
3C92,1800,540,200,400,1.52E-08,2.24499995,2.66499994,6.54E-09,2.24499995,2.66499994,MnZn,Ferroxcube,High Bsat,https://www.ferroxcube.com/upload/media/product/file/MDS/3C92%202022.pdf,
3C92A,1800,570,,,0,,,0,,,MnZn,Ferroxcube,High Bsat,https://www.ferroxcube.com/upload/media/product/file/MDS/3c92a.pdf,
3C96,2000,500,20,99,2.25E-06,1.33999997,2.66499994,5.42E-07,1.33999997,2.66499994,MnZn,Ferroxcube,min. loss @100 °C,https://www.ferroxcube.com/upload/media/product/file/MDS/3c96.pdf,min-loss-100C
3C96,2000,500,100,199,9.32E-08,1.719999962,2.804999937,4.60E-08,1.719999962,2.804999937,MnZn,Ferroxcube,min. loss @100 °C,https://www.ferroxcube.com/upload/media/product/file/MDS/3c96.pdf,min-loss-100C
3C96,2000,500,200,400,3.98E-08,2.21999995,2.464999945,1.69E-08,2.21999995,2.464999945,MnZn,Ferroxcube,min. loss @100 °C,https://www.ferroxcube.com/upload/media/product/file/MDS/3c96.pdf,min-loss-100C
3C90,2300,470,20,200,7.68E-07,1.46,2.75,4.32E-07,1.46,2.75,MnZn,Ferroxcube,min. loss @100 °C,https://www.ferroxcube.com/upload/media/product/file/MDS/3c90.pdf,min-loss-100C
3C94,2300,470,20,149,2.12E-07,1.419999968,2.884999936,1.42E-07,1.419999968,2.884999936,MnZn,Ferroxcube,min. loss @100 °C,https://www.ferroxcube.com/upload/media/product/file/MDS/3c94.pdf,min-loss-100C
3C94,2300,470,150,399,1.77E-08,2.124999953,2.70499994,1.07E-08,2.124999953,2.70499994,MnZn,Ferroxcube,min. loss @100 °C,https://www.ferroxcube.com/upload/media/product/file/MDS/3c94.pdf,min-loss-100C
3C94,2300,470,400,401,1.32E-09,2.6,2.75,7.45E-10,2.6,2.75,MnZn,Ferroxcube,min. loss @100 °C,https://www.ferroxcube.com/upload/media/product/file/MDS/3c94.pdf,min-loss-100C
3C98,2500,530,25,99,2.69E-07,1.4,2.85,1.12E-07,1.4,2.85,MnZn,Ferroxcube,min. loss @100 °C,https://www.ferroxcube.com/upload/media/product/file/MDS/3c98.pdf,min-loss-100C
3C98,2500,530,100,299,1.11E-07,1.85,2.6,5.22E-08,1.85,2.6,MnZn,Ferroxcube,min. loss @100 °C,https://www.ferroxcube.com/upload/media/product/file/MDS/3c98.pdf,min-loss-100C
3C98,2500,530,300,600,9.03E-08,2.1,2.3,4.90E-08,2.1,2.3,MnZn,Ferroxcube,min. loss @100 °C,https://www.ferroxcube.com/upload/media/product/file/MDS/3c98.pdf,min-loss-100C
3C91,3000,470,20,99,1.13E-06,1.4,2.5,1.75E-06,1.4,2.5,MnZn,Ferroxcube,min. loss @60 °C,https://www.ferroxcube.com/upload/media/product/file/MDS/3c91.pdf,loss-min-60C
3C91,3000,470,100,199,1.13E-06,1.4,2.5,1.75E-06,1.4,2.5,MnZn,Ferroxcube,min. loss @60 °C,https://www.ferroxcube.com/upload/media/product/file/MDS/3c91.pdf,loss-min-60C
3C91,3000,470,200,400,9.58E-13,4.05,2.5,1.49E-12,4.05,2.5,MnZn,Ferroxcube,min. loss @60 °C,https://www.ferroxcube.com/upload/media/product/file/MDS/3c91.pdf,loss-min-60C
3C95,3000,530,20,149,7.00E-06,1.045,2.44,6.02E-06,1.045,2.44,MnZn,Ferroxcube,Flat loss @25-100 °C,https://www.ferroxcube.com/upload/media/product/file/MDS/3c95.pdf,flat-temp
3C95,3000,530,150,299,4.65E-09,1.955,3.07,3.38E-09,1.955,3.07,MnZn,Ferroxcube,Flat loss @25-100 °C,https://www.ferroxcube.com/upload/media/product/file/MDS/3c95.pdf,flat-temp
3C95,3000,530,300,400,2.39E-08,2.055,2.535,2.86E-08,2.055,2.535,MnZn,Ferroxcube,Flat loss @25-100 °C,https://www.ferroxcube.com/upload/media/product/file/MDS/3c95.pdf,flat-temp
3C97,3000,530,20,149,6.26E-07,1.16,2.8,5.09E-07,1.16,2.8,MnZn,Ferroxcube,Flat loss @60-140 °C,https://www.ferroxcube.com/upload/media/product/file/MDS/3c97.pdf,flat-temp
3C97,3000,530,150,299,6.48E-09,1.99,2.935,5.04E-09,1.99,2.935,MnZn,Ferroxcube,Flat loss @60-140 °C,https://www.ferroxcube.com/upload/media/product/file/MDS/3c97.pdf,flat-temp
3C97,3000,530,300,400,4.60E-08,2.055,2.415,3.73E-08,2.055,2.415,MnZn,Ferroxcube,Flat loss @60-140 °C,https://www.ferroxcube.com/upload/media/product/file/MDS/3c97.pdf,flat-temp
3C97T,3300,550,,,0,,,0,,,MnZn,Ferroxcube,Flat loss @25-140 °C,https://www.ferroxcube.com/upload/media/product/file/MDS/3C97T%2020241030%20[draft].pdf,
3C97T for WPT,3000,500,,,0,,,0,,,MnZn,Ferroxcube,a low-loss at freq. 20-250kHz ,https://www.ferroxcube.com/upload/media/product/file/MDS/3C97T%20for%20WPT.pdf,
4F1,80,320,,,0,,,0,,,MnZn,Ferroxcube,freq. < 15 MHz,https://www.ferroxcube.com/upload/media/product/file/MDS/4f1.pdf,
3F46,750,520,1000,3000,1.99E-10,2.6,2.4,9.97E-10,2.5,2.34,MnZn,Ferroxcube,optimal frequency 1-3 MHz,https://www.ferroxcube.com/upload/media/product/file/MDS/3f46.pdf,
3F4,900,410,100,599,5.55E-06,1.1,2.7,4.75E-06,1.1,2.7,MnZn,Ferroxcube,optimal frequency < 2 MHz,https://www.ferroxcube.com/upload/media/product/file/MDS/3f4.pdf,
3F4,900,410,600,999,1.20E-07,1.7,2.7,1.89E-09,2.3,2.7,MnZn,Ferroxcube,optimal frequency < 2 MHz,https://www.ferroxcube.com/upload/media/product/file/MDS/3f4.pdf,
3F4,900,410,1000,3000,2.05E-09,2.4,2.5,9.53E-09,2.4,2.1,MnZn,Ferroxcube,optimal frequency < 2 MHz,https://www.ferroxcube.com/upload/media/product/file/MDS/3f4.pdf,
3F36,1600,520,,,0,,,0,,,MnZn,Ferroxcube,"optimal frequency < 600 kHz,flat power loss 25-100 °C",https://www.ferroxcube.com/upload/media/product/file/MDS/3f36.pdf,flat-temp
3F37,1600,520,,,0,,,0,,,MnZn,Ferroxcube,"optimal frequency ≈ 500 kHz, suitable for next generation converters and power modules",https://www.ferroxcube.com/upload/media/product/file/MDS/2025%20MDS%203F37.pdf,
3F3,2000,440,,,0,,,0,,,MnZn,Ferroxcube,optimal frequency ≤ 400 kHz ,https://www.ferroxcube.com/upload/media/product/file/MDS/3f3.pdf,
DMR40,2300,510,20,300,3.211E-05,1.028,2.272,6.908E-07,1.341,2.64,MnZn,DMEGC,<0.3MHz,https://www.chinadmegc.com/uploads/20250515/%E9%94%B0%E9%94%8C%E7%9B%AE%E5%BD%95.pdf.pdf,
DMR44,2400,510,20,400,1.528E-05,1.277,2.2,1.301E-07,1.629,2.654,MnZn,DMEGC,<0.4MHz,https://www.chinadmegc.com/uploads/20250515/%E9%94%B0%E9%94%8C%E7%9B%AE%E5%BD%95.pdf.pdf,
DMR47,2500,530,100,400,7.922E-06,1.411,2.203,2.475E-08,2.052,2.568,MnZn,DMEGC,<0.4MHz,https://www.chinadmegc.com/uploads/20250515/%E9%94%B0%E9%94%8C%E7%9B%AE%E5%BD%95.pdf.pdf,
DMR95,3300,530,100,1000,1.698E-07,2.019,2.097,1.698E-07,2.019,2.097,MnZn,DMEGC,"Wide temp, <0.4MHz",https://www.chinadmegc.com/uploads/20250515/%E9%94%B0%E9%94%8C%E7%9B%AE%E5%BD%95.pdf.pdf,flat-temp
DMR96,3300,540,100,500,3.111E-07,1.677,2.433,1.716E-08,1.915,2.728,MnZn,DMEGC,"Wide temp, <0.4MHz",https://www.chinadmegc.com/uploads/20250515/%E9%94%B0%E9%94%8C%E7%9B%AE%E5%BD%95.pdf.pdf,flat-temp
DMR96A,3300,540,100,600,8.694E-08,1.629,2.678,4.260E-08,1.778,2.707,MnZn,DMEGC,"Wide temp, <0.6MHz",https://www.chinadmegc.com/uploads/20250515/%E9%94%B0%E9%94%8C%E7%9B%AE%E5%BD%95.pdf.pdf,flat-temp
DMR91,2000,550,100,1000,3.759E-06,1.53,2.271,1.243E-08,2.15,2.592,MnZn,DMEGC,"High Bsat, <0.5MHz",https://www.chinadmegc.com/uploads/20250515/%E9%94%B0%E9%94%8C%E7%9B%AE%E5%BD%95.pdf.pdf,high-bsat
DMR24,2000,540,5,200,3.304E-06,1.411,2.401,1.233E-08,1.844,2.964,MnZn,DMEGC,"High Bsat, <0.2MHz",https://www.chinadmegc.com/uploads/20250515/%E9%94%B0%E9%94%8C%E7%9B%AE%E5%BD%95.pdf.pdf,high-bsat
DMR28,2000,600,5,200,5.182E-06,1.334,2.386,2.261E-05,1.376,2.183,MnZn,DMEGC,"High Bsat, <0.2MHz",https://www.chinadmegc.com/uploads/20250515/%E9%94%B0%E9%94%8C%E7%9B%AE%E5%BD%95.pdf.pdf,high-bsat
DMR50,1400,470,100,1000,7.760E-07,1.293,2.845,5.011E-09,1.393,3.866,MnZn,DMEGC,0.5-1MHz,https://www.chinadmegc.com/uploads/20250515/%E9%94%B0%E9%94%8C%E7%9B%AE%E5%BD%95.pdf.pdf,
DMR51,1100,500,500,2000,1.901E-08,1.647,3.066,4.132E-10,2.232,3.022,MnZn,DMEGC,0.5-2MHz,https://www.chinadmegc.com/uploads/20250515/%E9%94%B0%E9%94%8C%E7%9B%AE%E5%BD%95.pdf.pdf,
DMR51W,900,500,700,5000,1.560E-10,2.476,2.628,1.094E-10,2.563,2.529,MnZn,DMEGC,1-3MHz,https://www.chinadmegc.com/uploads/20250515/%E9%94%B0%E9%94%8C%E7%9B%AE%E5%BD%95.pdf.pdf,
DMR52W,600,540,3000,6000,7.827E-10,2.33,2.376,7.057E-10,2.391,2.249,MnZn,DMEGC,3-6MHz,https://www.chinadmegc.com/uploads/20250515/%E9%94%B0%E9%94%8C%E7%9B%AE%E5%BD%95.pdf.pdf,
DMR53,900,560,500,5000,2.455E-10,2.338,2.742,2.280E-10,2.225,3.01,MnZn,DMEGC,0.5-3MHz,https://www.chinadmegc.com/uploads/20250515/%E9%94%B0%E9%94%8C%E7%9B%AE%E5%BD%95.pdf.pdf,
DMR70,2300,420,5,100,,,,,,,MnZn,DMEGC,Filter Inductor,https://www.chinadmegc.com/uploads/20250515/%E9%94%B0%E9%94%8C%E7%9B%AE%E5%BD%95.pdf.pdf,
DMR71,3800,550,5,500,,,,,,,MnZn,DMEGC,High Bsat for telecommunication,https://www.chinadmegc.com/uploads/20250515/%E9%94%B0%E9%94%8C%E7%9B%AE%E5%BD%95.pdf.pdf,high-bsat
DMR73,4200,470,5,500,,,,,,,MnZn,DMEGC,Wide temp (40-85C) with super DC bias,https://www.chinadmegc.com/uploads/20250515/%E9%94%B0%E9%94%8C%E7%9B%AE%E5%BD%95.pdf.pdf,"flat-temp, dc-bias"